Date,Short Date,Tower,Observatory,Avg
"Friday, August 22, 2025",8/22/25,0,0,0
"Saturday, August 23, 2025",8/23/25,0,0,0
"Sunday, August 24, 2025",8/24/25,0,0,0
"Monday, August 25, 2025",8/25/25,0,0,0
"Tuesday, August 26, 2025",8/26/25,0,0,0
"Wednesday, August 27, 2025",8/27/25,0,0,0
"Thursday, August 28, 2025",8/28/25,0,0,0
"Friday, August 29, 2025",8/29/25,0,0,0
"Saturday, August 30, 2025",8/30/25,0,0,0
"Sunday, August 31, 2025",8/31/25,0,0,0
"Monday, September 1, 2025",9/1/25,0,0,0
"Tuesday, September 2, 2025",9/2/25,0,0,0
"Wednesday, September 3, 2025",9/3/25,0,0,0
"Thursday, September 4, 2025",9/4/25,0,0,0
"Friday, September 5, 2025",9/5/25,0,0,0
"Saturday, September 6, 2025",9/6/25,0,0,0
"Sunday, September 7, 2025",9/7/25,0,0,0
"Monday, September 8, 2025",9/8/25,0,0,0
"Tuesday, September 9, 2025",9/9/25,0,0,0
"Wednesday, September 10, 2025",9/10/25,0,0,0
"Thursday, September 11, 2025",9/11/25,0,0,0
"Friday, September 12, 2025",9/12/25,0,0,0
"Saturday, September 13, 2025",9/13/25,0,0,0
"Sunday, September 14, 2025",9/14/25,0,0,0
"Monday, September 15, 2025",9/15/25,0,0,0
"Tuesday, September 16, 2025",9/16/25,0,0,0
"Wednesday, September 17, 2025",9/17/25,0,0,0
"Thursday, September 18, 2025",9/18/25,0,0,0
"Friday, September 19, 2025",9/19/25,0,0,0
"Saturday, September 20, 2025",9/20/25,0,0,0
"Sunday, September 21, 2025",9/21/25,0,0,0
"Monday, September 22, 2025",9/22/25,0,0,0
"Tuesday, September 23, 2025",9/23/25,0,0,0
"Wednesday, September 24, 2025",9/24/25,0,0,0
"Thursday, September 25, 2025",9/25/25,0,0,0
"Friday, September 26, 2025",9/26/25,0,0,0
"Saturday, September 27, 2025",9/27/25,0,0,0
"Sunday, September 28, 2025",9/28/25,0,0,0
"Monday, September 29, 2025",9/29/25,0,0,0
"Tuesday, September 30, 2025",9/30/25,0,0,0
"Wednesday, October 1, 2025",10/1/25,0,0.5,0.25
"Thursday, October 2, 2025",10/2/25,0,0,0
"Friday, October 3, 2025",10/3/25,0,0,0
"Saturday, October 4, 2025",10/4/25,0,0,0
"Sunday, October 5, 2025",10/5/25,0,0,0
"Monday, October 6, 2025",10/6/25,0,0,0
"Tuesday, October 7, 2025",10/7/25,0,0,0
"Wednesday, October 8, 2025",10/8/25,0,0.5,0.25
"Thursday, October 9, 2025",10/9/25,0,0,0
"Friday, October 10, 2025",10/10/25,0,0,0
"Saturday, October 11, 2025",10/11/25,0,0,0
"Sunday, October 12, 2025",10/12/25,0,0,0
"Monday, October 13, 2025",10/13/25,0,0,0
"Tuesday, October 14, 2025",10/14/25,0,0,0
"Wednesday, October 15, 2025",10/15/25,0,0,0
"Thursday, October 16, 2025",10/16/25,0,0,0
"Friday, October 17, 2025",10/17/25,0,0,0
"Saturday, October 18, 2025",10/18/25,0,0,0
"Sunday, October 19, 2025",10/19/25,0,0,0
"Monday, October 20, 2025",10/20/25,0,0,0
"Tuesday, October 21, 2025",10/21/25,1,1,1
"Wednesday, October 22, 2025",10/22/25,?,0,0
"Thursday, October 23, 2025",10/23/25,?,0,0
"Friday, October 24, 2025",10/24/25,?,0,0
"Saturday, October 25, 2025",10/25/25,?,0,0
"Sunday, October 26, 2025",10/26/25,?,0,0
"Monday, October 27, 2025",10/27/25,?,0,0
"Tuesday, October 28, 2025",10/28/25,0.5,0.5,0.5
"Wednesday, October 29, 2025",10/29/25,0,0,0
"Thursday, October 30, 2025",10/30/25,0,0,0
"Friday, October 31, 2025",10/31/25,0,0,0
"Saturday, November 1, 2025",11/1/25,0,0,0
"Sunday, November 2, 2025",11/2/25,1,1,1
"Monday, November 3, 2025",11/3/25,0,0,0
"Tuesday, November 4, 2025",11/4/25,0,0,0
"Wednesday, November 5, 2025",11/5/25,?,0,0
"Thursday, November 6, 2025",11/6/25,?,0,0
"Friday, November 7, 2025",11/7/25,?,0,0
"Saturday, November 8, 2025",11/8/25,?,0,0
"Sunday, November 9, 2025",11/9/25,?,0,0
"Monday, November 10, 2025",11/10/25,?,0,0
"Tuesday, November 11, 2025",11/11/25,0,0,0
"Wednesday, November 12, 2025",11/12/25,0,0,0
"Thursday, November 13, 2025",11/13/25,0,0,0
"Friday, November 14, 2025",11/14/25,0,0,0
"Saturday, November 15, 2025",11/15/25,1,1,1
"Sunday, November 16, 2025",11/16/25,?,0,0
"Monday, November 17, 2025",11/17/25,?,0,0
"Tuesday, November 18, 2025",11/18/25,?,0,0
"Wednesday, November 19, 2025",11/19/25,?,0.5,0.5
"Thursday, November 20, 2025",11/20/25,0.5,0,0.25
"Friday, November 21, 2025",11/21/25,0,0,0
"Saturday, November 22, 2025",11/22/25,0,0,0
"Sunday, November 23, 2025",11/23/25,0,0,0
"Monday, November 24, 2025",11/24/25,0,0,0
"Tuesday, November 25, 2025",11/25/25,0,0,0
"Wednesday, November 26, 2025",11/26/25,0,0,0
"Thursday, November 27, 2025",11/27/25,0,0,0
"Friday, November 28, 2025",11/28/25,0,0,0
"Saturday, November 29, 2025",11/29/25,?,0,0
"Sunday, November 30, 2025",11/30/25,?,0,0
"Monday, December 1, 2025",12/1/25,0,0,0
"Tuesday, December 2, 2025",12/2/25,0,0,0
"Wednesday, December 3, 2025",12/3/25,0,0,0
"Thursday, December 4, 2025",12/4/25,0,0,0
"Friday, December 5, 2025",12/5/25,0,0,0
"Saturday, December 6, 2025",12/6/25,0,0,0
"Sunday, December 7, 2025",12/7/25,0,0,0
"Monday, December 8, 2025",12/8/25,0,0,0
"Tuesday, December 9, 2025",12/9/25,0,0,0
"Wednesday, December 10, 2025",12/10/25,0,0,0
"Thursday, December 11, 2025",12/11/25,0,0,0
"Friday, December 12, 2025",12/12/25,0,0,0
"Saturday, December 13, 2025",12/13/25,0,0,0
"Sunday, December 14, 2025",12/14/25,0,0,0
"Monday, December 15, 2025",12/15/25,0,0,0
"Tuesday, December 16, 2025",12/16/25,1,0.5,0.75
"Wednesday, December 17, 2025",12/17/25,0,0,0
"Thursday, December 18, 2025",12/18/25,0,0,0
"Friday, December 19, 2025",12/19/25,0,0,0
"Saturday, December 20, 2025",12/20/25,0,0,0
"Sunday, December 21, 2025",12/21/25,0,0,0
"Monday, December 22, 2025",12/22/25,0,0,0
"Tuesday, December 23, 2025",12/23/25,0,0.5,0.25
"Wednesday, December 24, 2025",12/24/25,0,0,0
"Thursday, December 25, 2025",12/25/25,0,0,0
"Friday, December 26, 2025",12/26/25,0,0,0
"Saturday, December 27, 2025",12/27/25,0,0,0
"Sunday, December 28, 2025",12/28/25,0,0,0
"Monday, December 29, 2025",12/29/25,0,0,0
"Tuesday, December 30, 2025",12/30/25,0,0,0
"Wednesday, December 31, 2025",12/31/25,0,0,0
"Thursday, January 1, 2026",1/1/26,0,0,0
"Friday, January 2, 2026",1/2/26,0,0,0
"Saturday, January 3, 2026",1/3/26,0,0,0