fxx,cloud_top_hrrr,boundary_layer_cloud_layer,low_cloud_layer_percent_hrrr,middle_cloud_layer_percent_hrrr,high_cloud_layer_percent_hrrr,cloud_ceiling_m_hrrr,cloud_base_m_hrrr,cloud_top_pres_hrrr,cloud_base_pres_hrrr,cloud_top_hgt_hrrr,wind_10m_day_max_hrrr,tmp_500mb_hrrr,tmp_700mb_hrrr,tmp_850mb_hrrr,tmp_925mb_hrrr,tmp_1000mb_hrrr,hgt_500mb_hrrr,hgt_700mb_hrrr,hgt_850mb_hrrr,hgt_925mb_hrrr,hgt_1000mb_hrrr,tmp_2m_hrrr,rh_2m_hrrr,hpbl_surface_hrrr,hgt_0C_iso_hrrr,vis_surface_hrrr,prate_surface_hrrr,apcp_surface_hrrr,cloud_ceiling_gfs,low_cloud_layer_percent_gfs,middle_cloud_layer_percent_gfs,high_cloud_layer_percent_gfs,boundary_layer_cloud_layer_gfs,vis_surface_gfs,prate_surface_gfs,apcp_surface_gfs,tmp_500mb_gfs,tmp_700mb_gfs,tmp_850mb_gfs,tmp_925mb_gfs,tmp_1000mb_gfs,hgt_500mb_gfs,hgt_700mb_gfs,hgt_850mb_gfs,hgt_925mb_gfs,hgt_1000mb_gfs,tmp_2m_gfs,rh_2m_gfs,rh_925mb_gfs,hpbl_surface_gfs,hgt_0C_iso_gfs,cloud_ceiling_nam,low_cloud_layer_percent_nam,middle_cloud_layer_percent_nam,high_cloud_layer_percent_nam,boundary_layer_cloud_layer_nam,vis_surface_nam,tmp_500mb_nam,tmp_700mb_nam,tmp_850mb_nam,tmp_925mb_nam,tmp_1000mb_nam,hgt_500mb_nam,hgt_700mb_nam,hgt_850mb_nam,hgt_925mb_nam,hgt_1000mb_nam,tmp_2m_nam,rh_2m_nam,rh_925mb_nam,hpbl_surface_nam,hgt_0C_iso_nam,prate_surface_nam,apcp_surface_nam,cloud_ceiling_m_rap,low_cloud_layer_percent_rap,middle_cloud_layer_percent_rap,high_cloud_layer_percent_rap,boundary_layer_cloud_layer_rap,vis_surface_rap,tmp_500mb_rap,tmp_700mb_rap,tmp_850mb_rap,tmp_925mb_rap,tmp_1000mb_rap,hgt_500mb_rap,hgt_700mb_rap,hgt_850mb_rap,hgt_925mb_rap,hgt_1000mb_rap,tmp_2m_rap,rh_2m_rap,rh_925mb_rap,hpbl_surface_rap,hgt_0C_iso_rap,prate_surface_rap,apcp_surface_rap,hgt_500mb_ecmwf,hgt_700mb_ecmwf,hgt_850mb_ecmwf,hgt_925mb_ecmwf,hgt_1000mb_ecmwf,tmp_500mb_ecmwf,tmp_700mb_ecmwf,tmp_850mb_ecmwf,tmp_925mb_ecmwf,tmp_1000mb_ecmwf,rh_700mb_ecmwf,rh_850mb_ecmwf,rh_925mb_ecmwf,rh_1000mb_ecmwf,vvel_700mb_ecmwf,vvel_850mb_ecmwf,vvel_925mb_ecmwf,tmp_2m_ecmwf,dpt_2m_ecmwf,mslp_ecmwf,sp_surface_ecmwf,cape_ecmwf,tcwv_ecmwf,tcdc_surface_nbm,tcdc_high_cloud_nbm,cdcb_high_cloud_nbm,cloud_ceiling_m_nbm,cloud_base_m_nbm,vis_surface_nbm,ceil_prob_below_152m_nbm,ceil_prob_below_305m_nbm,ceil_prob_below_610m_nbm,ceil_prob_below_914m_nbm,ceil_prob_below_2012m_nbm,vis_prob_below_1609m_nbm,vis_prob_below_3219m_nbm,vis_prob_below_4828m_nbm,vis_prob_below_8047m_nbm,cape_surface_nbm,mixing_height_nbm,tmp_2m_nbm,dpt_2m_nbm,rh_2m_nbm,apcp_surface_nbm,wind_10m_nbm,gust_surface_nbm,is_undercast
1,-999.0,0.0,71.0,100.0,0.0,nan,1340.7550048828125,nan,84400.0,nan,6.029298782348633,240.17422485351562,252.86697387695312,260.1477966308594,264.84930419921875,268.80548095703125,5185.146484375,2744.322265625,1289.577392578125,,26.529510498046875,258.12481689453125,75.5999984741211,333.947021484375,0.0,15900.0,0.0,0.0,19999.990234375,0.0,0.0,0.0,,24134.740234375,0.0,0.0,250.36947631835938,269.4537048339844,277.0325012207031,275.4906005859375,273.00048828125,5593.07666015625,3026.9013671875,1471.1585693359375,785.9688110351562,158.8418731689453,272.54559326171875,77.0999984741211,50.400001525878906,35.8958625793457,40.79999923706055,20000.134765625,15.0,8.0,0.0,,17800.0,239.89999389648438,255.1999969482422,258.3999938964844,262.6000061035156,266.6000061035156,5197.78369140625,2746.2939453125,1292.1605224609375,646.935791015625,38.41015625,259.05999755859375,93.80000305175781,98.0,434.55999755859375,0.0,0.0,0.0,nan,37.0,92.0,0.0,34.0,19901.43359375,240.2352294921875,253.07899475097656,259.2750244140625,264.885498046875,268.88006591796875,5190.5283203125,2744.47412109375,1293.64599609375,644.4510498046875,32.333709716796875,260.50030517578125,63.31085205078125,70.93089294433594,679.178955078125,0.0,0.0,0.0,,,,,,,,,,,,,,,,,,,,,,,,80.0,0.0,7620.0,0.0,0.0,256.0,61.0,77.0,81.0,81.0,86.0,74.0,74.0,74.0,74.0,1.0,0.0,255.64999389648438,254.6099853515625,91.0,1.0,14.800000190734863,15.800000190734863,0
2,-999.0,0.0,100.0,71.0,0.0,nan,1340.7164306640625,nan,84400.0,nan,5.679067611694336,240.31961059570312,252.34896850585938,259.9574890136719,264.599365234375,268.510009765625,5183.1083984375,2743.134765625,1289.76806640625,,28.117279052734375,258.6197509765625,81.9000015258789,339.3196105957031,0.0,14100.0,0.0,0.0,19999.962890625,1.2999999523162842,0.0,0.0,,24135.162109375,0.0,0.0,250.2308349609375,269.7128601074219,277.1345520019531,275.5877685546875,272.9718933105469,5592.5673828125,3026.40478515625,1470.3382568359375,784.9031982421875,157.65350341796875,272.59539794921875,78.80000305175781,50.5,42.513980865478516,47.52000045776367,20000.150390625,33.0,7.0,0.0,,0.0,240.1999969482422,254.6999969482422,258.79998779296875,263.20001220703125,267.1000061035156,5192.306640625,2740.425537109375,1286.8414306640625,640.3306884765625,32.845985412597656,260.2200012207031,97.30000305175781,100.0,580.3200073242188,0.0,0.00019999999494757503,0.25,4663.0185546875,69.0,99.0,0.0,34.0,21400.0,240.5116729736328,252.82583618164062,259.34625244140625,264.58392333984375,268.45684814453125,5191.21142578125,2743.7666015625,1293.170654296875,644.3469848632812,32.25384521484375,259.6258544921875,57.64431381225586,69.7809066772461,526.230224609375,0.0,0.0,0.0,,,,,,,,,,,,,,,,,,,,,,,,84.0,0.0,7620.0,0.0,0.0,256.0,80.0,89.0,90.0,90.0,92.0,74.0,74.0,74.0,74.0,1.0,0.0,255.8199920654297,254.9399871826172,91.0,4.0,14.800000190734863,16.100000381469727,0
3,-999.0,0.0,100.0,47.0,0.0,nan,1340.710693359375,nan,84400.0,nan,5.480628967285156,240.146728515625,252.76315307617188,259.8486022949219,264.28338623046875,268.24835205078125,5181.3583984375,2737.642578125,1283.488037109375,,21.998035430908203,257.81024169921875,78.30000305175781,266.0738830566406,0.0,14400.0,0.0,0.0,20000.01953125,0.4000000059604645,0.0,0.0,,24134.7890625,0.0,0.0,250.2069854736328,269.2738342285156,277.1371154785156,275.7300720214844,272.9216003417969,5588.00146484375,3023.309814453125,1468.4144287109375,782.8291625976562,155.43431091308594,272.55072021484375,81.0,48.099998474121094,59.80955505371094,40.959999084472656,1195.225341796875,70.0,94.0,0.0,,0.0,240.60000610351562,254.5,258.79998779296875,263.1000061035156,267.0,5189.5458984375,2739.2001953125,1286.327392578125,639.9212646484375,31.645139694213867,259.9800109863281,97.9000015258789,100.0,637.6799926757812,0.0,0.0,0.375,4742.89404296875,83.0,100.0,0.0,63.0,20400.0,240.51336669921875,252.60128784179688,259.27398681640625,264.2848205566406,268.10113525390625,5178.59765625,2733.458251953125,1283.649658203125,635.06494140625,23.66387939453125,259.14447021484375,59.75313949584961,71.67493438720703,461.1665954589844,0.0,0.0,0.0,5192.1796875,2738.1044921875,1284.83203125,636.3662109375,29.1298828125,240.47579956054688,253.62258911132812,259.32989501953125,264.11505126953125,268.0514221191406,94.55504608154297,99.87210083007812,87.45088958740234,89.85017395019531,-0.2622060775756836,0.4734516143798828,0.09473037719726562,261.4096374511719,259.85369873046875,100398.25,90099.03125,,4.026381015777588,83.0,0.0,7620.0,0.0,0.0,256.0,75.0,82.0,82.0,83.0,84.0,72.0,72.0,72.0,72.0,1.0,0.0,255.9300079345703,255.1899871826172,94.0,7.0,15.199999809265137,16.200000762939453,0
4,-999.0,0.0,100.0,46.0,0.0,6396.44970703125,1340.697509765625,80500.0,84300.0,7612.99658203125,7.074665069580078,240.31695556640625,252.42095947265625,259.5433349609375,263.99078369140625,267.9284973144531,5177.76220703125,2734.4638671875,1283.25732421875,,23.163501739501953,258.0452880859375,81.0999984741211,286.6265869140625,0.0,14100.0,0.0,0.010999999940395355,19999.865234375,0.4000000059604645,0.0,5.0,,24134.9453125,0.0,0.0,250.20199584960938,269.1992492675781,277.1844787597656,275.820068359375,272.87677001953125,5582.39794921875,3018.6767578125,1463.2733154296875,777.5912475585938,150.0552520751953,272.5165710449219,82.9000015258789,47.099998474121094,66.74794006347656,34.880001068115234,1848.7786865234375,100.0,100.0,0.0,,3100.0,240.5,254.1999969482422,259.20001220703125,263.5,267.5,5180.53125,2730.58203125,1277.1544189453125,629.759521484375,21.841827392578125,260.260009765625,88.0,91.0,637.9199829101562,0.0,9.999999747378752e-05,0.3125,2183.216064453125,100.0,100.0,0.0,71.0,15400.0,240.29869079589844,252.41854858398438,259.3116149902344,264.16778564453125,267.9753723144531,5177.119140625,2732.82958984375,1283.3421630859375,634.7000732421875,23.828643798828125,259.7523193359375,65.38481903076172,73.0813217163086,511.8819580078125,0.0,9.999999747378752e-06,0.0,,,,,,,,,,,,,,,,,,,,,,,,95.0,0.0,7620.0,0.0,0.0,209.0,79.0,81.0,83.0,88.0,96.0,83.0,89.0,91.0,99.0,0.0,0.0,256.5199890136719,255.41000366210938,92.0,10.0,15.199999809265137,16.200000762939453,0
5,-999.0,0.0,17.0,100.0,0.0,3659.550048828125,1340.697509765625,42200.0,84200.0,7936.529296875,8.126709938049316,240.15774536132812,252.76235961914062,259.7071533203125,263.9107360839844,267.8726501464844,5167.283203125,2728.2900390625,1274.32373046875,,14.37869644165039,258.4156494140625,80.80000305175781,251.80490112304688,0.0,2000.0,9.999999747378752e-05,0.1589999943971634,20000.005859375,3.5999999046325684,0.0,5.0,,24134.923828125,0.0,0.0,250.39730834960938,269.2665710449219,277.0184631347656,276.262451171875,272.7966003417969,5577.345703125,3013.519287109375,1458.2342529296875,772.1881713867188,144.05250549316406,272.4894714355469,82.4000015258789,45.599998474121094,87.29299926757812,31.68000030517578,1683.981689453125,100.0,100.0,0.0,,1400.0,240.3000030517578,253.1999969482422,259.29998779296875,263.6000061035156,267.5,5170.77783203125,2727.723388671875,1274.7127685546875,627.2662353515625,19.12798500061035,260.25,86.0,88.0,480.7200012207031,0.0,0.00019999999494757503,0.625,2279.2138671875,95.0,100.0,0.0,36.0,2000.0,240.29055786132812,252.22747802734375,259.64312744140625,263.7649841308594,267.6256103515625,5160.00146484375,2724.65380859375,1272.0791015625,623.532958984375,13.160491943359375,260.49041748046875,75.55941009521484,82.60919952392578,330.818115234375,0.0,0.00011000000085914508,0.25,,,,,,,,,,,,,,,,,,,,,,,,93.0,0.0,7620.0,0.0,0.0,209.0,75.0,78.0,83.0,89.0,98.0,84.0,95.0,99.0,100.0,0.0,0.0,256.79998779296875,255.51998901367188,93.0,18.0,15.600000381469727,16.700000762939453,0
6,-999.0,0.0,66.0,100.0,0.0,2782.907958984375,1340.7056884765625,39400.0,84200.0,7924.10400390625,8.127823829650879,239.83847045898438,252.38677978515625,259.93475341796875,263.8791809082031,267.7691650390625,5149.6884765625,2719.943359375,1264.897216796875,,5.614585876464844,258.6551513671875,83.0999984741211,272.6122741699219,0.0,1400.0,0.00019999999494757503,0.6589999794960022,20000.0,5.0,0.0,63.5,,24135.150390625,0.0,0.0,250.43267822265625,269.1186828613281,276.79864501953125,276.607421875,272.7385559082031,5573.892578125,3011.5400390625,1456.7283935546875,770.3909912109375,141.81968688964844,272.4708557128906,79.4000015258789,45.0,100.15448760986328,28.479999542236328,1635.94677734375,100.0,100.0,16.0,,1100.0,239.8000030517578,252.6999969482422,259.29998779296875,263.6000061035156,267.5,5151.02685546875,2714.522216796875,1262.0108642578125,614.4963989257812,6.472781181335449,260.19000244140625,86.30000305175781,88.0,434.239990234375,0.0,0.00019999999494757503,1.25,2579.733154296875,99.0,100.0,0.0,28.0,2500.0,239.60406494140625,252.0154266357422,260.332275390625,263.6834411621094,267.4457702636719,5143.48828125,2715.67822265625,1260.320556640625,611.3408203125,2.12493896484375,261.2261657714844,79.45509338378906,86.19438934326172,284.3579406738281,0.0,9.000000136438757e-05,0.625,5162.9921875,2724.98193359375,1268.241455078125,620.0239868164062,13.946044921875,240.44113159179688,252.87393188476562,259.8940734863281,263.5899658203125,267.6068115234375,100.94072723388672,92.91238403320312,93.23262786865234,93.73429870605469,-0.5977611541748047,0.4644584655761719,-0.0029659271240234375,261.70208740234375,260.3497314453125,100203.5,89900.234375,,4.10779333114624,96.0,0.0,7620.0,0.0,0.0,209.0,81.0,82.0,86.0,95.0,100.0,90.0,100.0,100.0,100.0,0.0,0.0,256.78997802734375,255.85000610351562,93.0,29.0,15.600000381469727,16.700000762939453,0
7,-999.0,0.0,100.0,100.0,0.0,2955.00634765625,1340.746826171875,39400.0,84100.0,7959.58154296875,8.050902366638184,239.14393615722656,252.15679931640625,260.26947021484375,263.9906005859375,267.91253662109375,5136.287109375,2715.774658203125,1259.663330078125,,0.6820335388183594,258.66302490234375,83.30000305175781,299.8117370605469,0.0,1300.0,0.00019999999494757503,1.2949999570846558,20000.01171875,0.699999988079071,0.0,99.5999984741211,,24135.11328125,0.0,0.0,250.60643005371094,269.0897216796875,276.44805908203125,276.7654724121094,272.72882080078125,5571.12890625,3008.894287109375,1455.217041015625,769.2238159179688,140.43643188476562,272.43963623046875,74.9000015258789,45.5,101.74790954589844,24.15999984741211,1636.4730224609375,100.0,100.0,0.0,,1400.0,238.8000030517578,252.5,259.29998779296875,263.6000061035156,267.5,5144.478515625,2713.962158203125,1261.4677734375,614.0119018554688,5.6430158615112305,260.1700134277344,86.69999694824219,89.0,434.3999938964844,0.0,0.00019999999494757503,0.625,2533.939697265625,80.0,100.0,0.0,29.0,3407.7265625,239.03053283691406,251.78927612304688,260.77471923828125,263.7928466796875,267.5786437988281,5147.7861328125,2725.27587890625,1268.359375,618.7101440429688,9.888671875,261.8414306640625,80.53083801269531,85.97349548339844,302.34368896484375,0.0,7.999999797903001e-05,0.875,,,,,,,,,,,,,,,,,,,,,,,,95.0,0.0,7620.0,0.0,0.0,209.0,86.0,86.0,95.0,100.0,100.0,93.0,100.0,100.0,100.0,0.0,0.0,257.0899963378906,256.21002197265625,92.0,52.0,15.600000381469727,16.600000381469727,0
8,-999.0,0.0,100.0,100.0,0.0,3228.050048828125,1340.7548828125,42100.0,84000.0,7091.8671875,7.945392608642578,237.60427856445312,252.10006713867188,260.6663513183594,264.2730407714844,268.2135314941406,5121.0869140625,2708.87890625,1250.210205078125,,-9.575237274169922,258.8958740234375,83.0,277.8857116699219,0.0,1500.0,9.999999747378752e-05,1.8899999856948853,11579.3369140625,0.0,0.0,100.0,,24134.7265625,0.0,0.0,250.56900024414062,269.0361022949219,276.1471252441406,276.8190002441406,272.8446350097656,5567.67578125,3007.185546875,1453.4912109375,768.1114501953125,139.13018798828125,272.6271667480469,70.80000305175781,47.29999923706055,105.26835632324219,52.47999954223633,1636.4576416015625,98.0,100.0,0.0,,1700.0,237.6999969482422,252.3000030517578,259.29998779296875,263.5,267.3999938964844,5126.38134765625,2707.476318359375,1253.3114013671875,605.9644775390625,-2.414921760559082,260.0799865722656,87.0,90.0,434.55999755859375,0.0,9.999999747378752e-05,1.125,2606.797119140625,75.0,100.0,0.0,29.0,3300.0,237.6602325439453,251.651123046875,261.39276123046875,263.97857666015625,267.7784729003906,5125.20361328125,2712.54052734375,1252.97314453125,602.530517578125,-5.683929443359375,262.1951904296875,80.48677825927734,86.6358413696289,332.51708984375,0.0,7.999999797903001e-05,1.1875,,,,,,,,,,,,,,,,,,,,,,,,93.0,0.0,7620.0,0.0,0.0,209.0,89.0,95.0,100.0,100.0,100.0,92.0,100.0,100.0,100.0,0.0,0.0,257.55999755859375,256.75,94.0,48.0,15.199999809265137,16.600000381469727,0
9,-999.0,0.0,100.0,100.0,0.0,1866.6314697265625,1340.88818359375,45100.0,84000.0,6603.1943359375,7.889559268951416,236.14712524414062,252.24664306640625,261.1982421875,264.667236328125,268.5711975097656,5110.33203125,2707.384765625,1246.0672607421875,,-14.947784423828125,259.205322265625,83.19999694824219,279.793701171875,0.0,1300.0,0.00019999999494757503,2.309999942779541,11338.240234375,0.0,0.0,100.0,,24135.181640625,0.0,0.0,250.47132873535156,268.9283447265625,276.2847900390625,277.04669189453125,274.2100830078125,5567.38134765625,3009.551513671875,1455.62890625,769.7994384765625,139.78228759765625,274.3096618652344,61.29999923706055,48.900001525878906,133.59173583984375,2343.52001953125,2006.071044921875,96.0,98.0,0.0,,1400.0,236.60000610351562,251.10000610351562,259.1000061035156,263.29998779296875,267.20001220703125,5109.99365234375,2704.56494140625,1247.92138671875,601.1080322265625,-8.204812049865723,259.8599853515625,86.80000305175781,90.0,783.0399780273438,0.0,0.00019999999494757503,1.5,2355.652099609375,73.0,94.0,0.0,29.0,3100.0,236.10435485839844,251.91990661621094,262.046875,264.1295166015625,267.9233093261719,5109.44287109375,2708.105224609375,1245.3939208984375,594.0701904296875,-13.929473876953125,262.12274169921875,80.41093444824219,86.70575714111328,347.7535705566406,0.0,7.999999797903001e-05,1.5,5120.39453125,2714.238525390625,1249.786376953125,600.52587890625,-5.09228515625,237.3359832763672,252.4258575439453,261.61663818359375,263.512939453125,267.3262939453125,98.19084930419922,93.13019561767578,95.57181549072266,95.67876434326172,-0.0030517578125,0.7065114974975586,0.10820579528808594,261.35223388671875,260.01776123046875,99969.9375,89686.703125,,3.8027687072753906,93.0,0.0,7620.0,0.0,0.0,209.0,94.0,100.0,100.0,100.0,100.0,94.0,100.0,100.0,100.0,0.0,0.0,257.16998291015625,256.3599853515625,94.0,40.0,15.199999809265137,16.200000762939453,0
10,-999.0,17.0,100.0,100.0,0.0,2445.282958984375,1340.8583984375,45100.0,84000.0,6154.3603515625,6.357172966003418,234.46951293945312,252.23651123046875,261.2722473144531,264.8690185546875,268.7320556640625,5096.23095703125,2703.197265625,1241.624267578125,,-19.983047485351562,259.297119140625,83.4000015258789,367.3994445800781,0.0,900.0,0.0003000000142492354,3.1600000858306885,20000.337890625,0.0,0.0,76.80000305175781,,24134.99609375,0.0,0.0,250.3855438232422,268.87774658203125,276.0578918457031,277.0801086425781,275.8517761230469,5567.52978515625,3011.045166015625,1457.9403076171875,772.2640380859375,141.50877380371094,276.10211181640625,51.900001525878906,49.599998474121094,191.45948791503906,2323.0400390625,2341.142333984375,84.0,78.0,0.0,,2200.0,235.8000030517578,251.3000030517578,259.0,263.20001220703125,267.1000061035156,5098.55078125,2701.04736328125,1245.3448486328125,598.7213134765625,-10.934266090393066,259.82000732421875,89.0999984741211,93.0,1094.719970703125,0.0,9.999999747378752e-05,0.375,1938.161376953125,98.0,100.0,0.0,30.0,3100.0,234.64183044433594,252.116943359375,261.5672302246094,264.23724365234375,267.9750671386719,5095.80419921875,2702.403564453125,1241.52783203125,590.4112548828125,-18.091796875,261.93048095703125,79.0,86.7078628540039,332.25848388671875,0.0,9.000000136438757e-05,1.8125,,,,,,,,,,,,,,,,,,,,,,,,90.0,0.0,7620.0,0.0,0.0,256.0,91.0,96.0,100.0,100.0,100.0,92.0,100.0,100.0,100.0,0.0,0.0,257.25,256.8399963378906,95.0,43.0,14.0,15.0,0
11,-999.0,100.0,100.0,100.0,0.0,1340.93896484375,1340.8134765625,78400.0,83900.0,5176.7958984375,6.078034400939941,233.93844604492188,252.01283264160156,260.9106140136719,265.0030822753906,268.8860168457031,5084.494140625,2695.054443359375,1236.5478515625,,-24.011634826660156,259.5032958984375,85.30000305175781,432.7315673828125,0.0,300.0,9.999999747378752e-05,3.8499999046325684,8724.0126953125,0.0,0.0,100.0,,24135.166015625,0.0,0.0,250.4161376953125,268.9014892578125,275.412841796875,276.8276062011719,277.59588623046875,5563.77197265625,3007.690673828125,1456.029052734375,771.5514526367188,140.1451873779297,278.1529541015625,44.5,51.20000076293945,283.97216796875,2278.8798828125,3814.880615234375,92.0,58.0,0.0,,1800.0,234.60000610351562,251.10000610351562,260.0,264.20001220703125,268.20001220703125,5089.9560546875,2701.6728515625,1247.15087890625,598.0454711914062,-10.976499557495117,260.9100036621094,84.80000305175781,88.0,974.0800170898438,0.0,9.999999747378752e-05,0.9375,1126.390869140625,100.0,100.0,0.0,100.0,12000.0,233.86671447753906,251.6192626953125,261.1625061035156,264.54779052734375,268.2839660644531,5090.44140625,2700.9794921875,1243.5665283203125,592.2218627929688,-15.62774658203125,262.2369384765625,81.00810241699219,88.92595672607422,321.42913818359375,0.0,1.9999999494757503e-05,2.0625,,,,,,,,,,,,,,,,,,,,,,,,87.0,0.0,7620.0,0.0,0.0,256.0,87.0,91.0,100.0,100.0,100.0,90.0,100.0,100.0,100.0,0.0,0.0,257.3299865722656,256.9100036621094,97.0,38.0,13.199999809265137,14.100000381469727,0
12,-999.0,100.0,100.0,100.0,0.0,1384.7998046875,1340.7884521484375,81500.0,83900.0,1693.1807861328125,7.760948657989502,233.55035400390625,251.10531616210938,260.29107666015625,265.0702209472656,268.96148681640625,5075.62060546875,2690.62646484375,1236.833740234375,,-21.806381225585938,259.6825256347656,87.5999984741211,420.98309326171875,0.0,12200.0,0.0,3.950000047683716,20000.03125,0.0,0.0,100.0,,24135.232421875,0.0,0.0,250.18875122070312,268.7437438964844,275.50445556640625,276.8868103027344,278.4613342285156,5554.765625,3000.788818359375,1450.5020751953125,765.7172241210938,133.3614044189453,278.93389892578125,43.099998474121094,51.5,303.0939025878906,2174.8798828125,2004.1326904296875,91.0,39.0,0.0,,1600.0,234.0,250.6999969482422,260.8999938964844,265.20001220703125,269.1000061035156,5079.12109375,2697.99853515625,1245.859375,594.3518676757812,-13.45885944366455,261.55999755859375,85.5999984741211,88.0,781.2000122070312,0.0,0.00019999999494757503,1.3125,2253.409912109375,100.0,100.0,0.0,93.0,14000.0,233.41380310058594,251.23834228515625,260.44610595703125,264.9942626953125,268.72210693359375,5087.51416015625,2700.583740234375,1246.968994140625,596.033935546875,-10.543975830078125,262.79461669921875,81.38577270507812,88.24842834472656,408.2853698730469,0.0,9.999999747378752e-06,2.0625,5095.43359375,2706.19873046875,1248.1142578125,597.296630859375,-10.3193359375,233.7173614501953,251.8740692138672,260.94329833984375,264.3865661621094,268.24163818359375,73.95669555664062,98.81896209716797,94.49125671386719,94.4958724975586,0.41497802734375,1.0475835800170898,0.3795804977416992,261.88873291015625,260.69671630859375,99880.0625,89650.84375,,3.1008667945861816,83.0,0.0,7620.0,0.0,0.0,256.0,72.0,74.0,88.0,97.0,100.0,85.0,97.0,100.0,100.0,5.0,0.0,256.91998291015625,256.5199890136719,98.0,23.0,12.399999618530273,13.699999809265137,0
13,-999.0,100.0,100.0,14.0,0.0,nan,1340.48876953125,nan,83800.0,nan,9.604490280151367,233.72720336914062,250.7156982421875,258.90118408203125,263.67364501953125,267.6323547363281,5065.29638671875,2684.585205078125,1235.00439453125,,-19.570411682128906,257.83953857421875,86.30000305175781,361.8712158203125,0.0,12800.0,0.0,4.0,20000.01953125,0.0,0.0,16.899999618530273,,24134.8671875,0.0,0.0,250.04183959960938,268.71746826171875,275.47528076171875,276.86212158203125,279.2537841796875,5546.13330078125,2994.76318359375,1443.849365234375,759.0310668945312,125.90118408203125,279.6888732910156,42.599998474121094,52.5,337.6683654785156,2244.639892578125,2001.3272705078125,80.0,15.0,0.0,,1600.0,233.60000610351562,249.89999389648438,260.6000061035156,264.8999938964844,268.79998779296875,5073.48876953125,2696.354248046875,1248.6063232421875,597.8757934570312,-10.592218399047852,261.489990234375,83.5999984741211,86.0,778.7999877929688,0.0,0.00019999999494757503,0.6875,1012.6534423828125,100.0,100.0,0.0,100.0,10600.0,233.38546752929688,251.64915466308594,258.6921691894531,263.9917297363281,267.9237060546875,5071.06396484375,2686.03173828125,1236.092529296875,589.0711669921875,-16.579269409179688,262.5408020019531,84.3887939453125,85.58956146240234,715.0594482421875,0.0,1.9999999494757503e-05,2.125,,,,,,,,,,,,,,,,,,,,,,,,82.0,0.0,7620.0,0.0,0.0,256.0,67.0,71.0,79.0,80.0,80.0,82.0,93.0,97.0,100.0,4.0,0.0,256.53997802734375,256.20001220703125,98.0,11.0,15.199999809265137,16.5,0
14,-999.0,0.0,80.0,81.0,0.0,2778.050537109375,1340.16357421875,61900.0,83700.0,3879.81298828125,11.483957290649414,234.65611267089844,250.7957305908203,258.23712158203125,262.087890625,266.043212890625,5056.5,2676.65283203125,1228.26318359375,,-20.95318603515625,256.53009033203125,83.69999694824219,301.15545654296875,0.0,13500.0,0.0,4.010000228881836,20000.017578125,0.0,0.0,100.0,,24135.02734375,0.0,0.0,251.52198791503906,268.7935485839844,275.15972900390625,276.6290283203125,279.84375,5542.822265625,2991.467529296875,1440.7144775390625,756.51708984375,122.78903198242188,280.1009521484375,43.099998474121094,54.0,387.3518981933594,2267.52001953125,1195.0821533203125,60.0,68.0,0.0,,100.0,233.39999389648438,250.1999969482422,258.8999938964844,263.20001220703125,267.1000061035156,5071.1376953125,2694.67041015625,1250.2908935546875,603.761962890625,-7.009250164031982,260.3500061035156,96.0,100.0,1086.0799560546875,0.0,0.0005000000237487257,1.375,936.8029174804688,100.0,74.0,0.0,100.0,13800.0,233.69866943359375,251.25161743164062,256.4726867675781,261.23895263671875,265.28448486328125,5060.77685546875,2679.5869140625,1232.378662109375,592.0311279296875,-13.0540771484375,260.2092590332031,88.2794418334961,85.48196411132812,522.8602294921875,0.0,0.0,2.1875,,,,,,,,,,,,,,,,,,,,,,,,80.0,0.0,7620.0,0.0,0.0,256.0,61.0,64.0,70.0,72.0,73.0,68.0,68.0,68.0,72.0,2.0,0.0,255.48001098632812,255.239990234375,98.0,24.0,18.399999618530273,19.799999237060547,0
15,-999.0,0.0,83.0,100.0,0.0,3503.5361328125,1339.8956298828125,61800.0,83700.0,4187.05224609375,11.912803649902344,234.462158203125,250.42782592773438,256.845947265625,260.4278259277344,264.3854064941406,5045.578125,2669.48046875,1225.8980712890625,,-18.563812255859375,255.14019775390625,85.19999694824219,292.9120788574219,0.0,15600.0,0.0,4.059999942779541,20000.20703125,0.0,0.0,86.69999694824219,,24135.037109375,0.0,0.0,252.78448486328125,268.6108703613281,274.9554443359375,276.30487060546875,279.3750915527344,5540.09130859375,2989.984619140625,1439.5963134765625,755.8964233398438,122.12965393066406,278.9119873046875,51.20000076293945,55.5,12.529133796691895,2254.719970703125,19999.876953125,35.0,23.0,0.0,,0.0,233.89999389648438,250.89999389648438,254.60000610351562,258.79998779296875,262.6000061035156,5066.58251953125,2690.29541015625,1245.0810546875,609.5358276367188,2.8077030181884766,256.0899963378906,95.9000015258789,100.0,427.44000244140625,0.0,0.00039999998989515007,2.5,876.462158203125,100.0,100.0,0.0,100.0,9600.0,234.2525634765625,250.34193420410156,255.310302734375,258.87841796875,263.01031494140625,5061.98828125,2684.41943359375,1241.983154296875,606.4012451171875,2.442596435546875,257.8385009765625,87.17996215820312,86.99102783203125,438.833984375,0.0,0.0,2.1875,5076.859375,2694.735595703125,1246.2685546875,603.837890625,0.943115234375,234.67584228515625,251.1568603515625,256.70294189453125,262.17828369140625,266.03924560546875,94.6329116821289,93.16297149658203,76.89852142333984,75.37198638916016,0.08255958557128906,1.3729791641235352,0.7965621948242188,261.08697509765625,257.53057861328125,100030.5,89673.84375,,2.3837854862213135,81.0,0.0,7620.0,30.0,32.0,0.0,52.0,55.0,58.0,59.0,75.0,60.0,60.0,61.0,68.0,2.0,0.0,255.1199951171875,254.16000366210938,91.0,23.0,20.399999618530273,22.200000762939453,0
16,-999.0,0.0,100.0,31.0,0.0,1340.1795654296875,1339.777099609375,nan,83800.0,1341.8544921875,11.711962699890137,236.12460327148438,248.86721801757812,255.27008056640625,259.2149658203125,263.1614990234375,5038.35302734375,2661.11962890625,1227.9312744140625,,-12.061492919921875,254.00302124023438,84.5999984741211,297.966064453125,0.0,12700.0,0.0,4.079999923706055,20000.083984375,0.0,0.0,99.9000015258789,,24134.939453125,0.0,0.0,254.52781677246094,268.5115966796875,274.8155517578125,276.0010986328125,277.7814025878906,5538.61767578125,2985.12060546875,1436.5469970703125,753.3877563476562,120.08887481689453,276.5096740722656,59.599998474121094,57.400001525878906,10.091692924499512,2112.0,20000.14453125,40.0,38.0,0.0,,0.0,235.0,250.60000610351562,253.10000610351562,257.20001220703125,261.1000061035156,5060.529296875,2684.73193359375,1239.51318359375,607.758544921875,3.64453125,254.4499969482422,96.0999984741211,100.0,342.0,0.0,0.00019999999494757503,0.4375,803.5416259765625,100.0,82.0,0.0,100.0,6800.0,235.49441528320312,249.28919982910156,254.03675842285156,257.8232421875,261.93988037109375,5046.11767578125,2669.352783203125,1233.8031005859375,600.810791015625,-1.042022705078125,256.695556640625,86.06703186035156,87.57283020019531,441.28302001953125,0.0,0.0,2.1875,,,,,,,,,,,,,,,,,,,,,,,,82.0,0.0,7620.0,30.0,32.0,0.0,57.0,57.0,58.0,61.0,81.0,64.0,68.0,72.0,81.0,4.0,0.0,253.9399871826172,252.95999145507812,92.0,23.0,22.799999237060547,24.600000381469727,0
17,-999.0,0.0,100.0,0.0,0.0,1340.02294921875,1339.75634765625,83300.0,83700.0,1431.30810546875,10.636977195739746,237.93309020996094,247.5714569091797,254.46044921875,258.45965576171875,262.36859130859375,5035.79736328125,2654.03466796875,1226.807373046875,,-8.809085845947266,253.23849487304688,84.30000305175781,308.33953857421875,0.0,11300.0,0.0,4.099999904632568,20000.029296875,0.0,0.0,100.0,,24135.048828125,0.0,0.0,255.32022094726562,268.13311767578125,274.8879089355469,276.1575622558594,276.4057312011719,5540.76708984375,2983.3486328125,1435.7093505859375,752.384765625,119.38765716552734,274.8948669433594,65.80000305175781,57.599998474121094,10.098674774169922,2067.360107421875,1194.819091796875,54.0,57.0,0.0,,0.0,236.89999389648438,250.39999389648438,252.60000610351562,256.70001220703125,260.5,5056.23828125,2675.920166015625,1235.2322998046875,604.864990234375,1.7304531335830688,253.9499969482422,95.9000015258789,100.0,301.760009765625,0.0,0.0003000000142492354,0.875,803.4557495117188,95.0,33.0,0.0,95.0,6000.0,237.32601928710938,248.04400634765625,253.4615478515625,257.5552978515625,261.61798095703125,5042.6396484375,2664.23974609375,1234.0540771484375,602.0965576171875,2.1461181640625,256.48944091796875,85.48566436767578,86.01900482177734,468.95965576171875,0.0,1.9999999494757503e-05,2.25,,,,,,,,,,,,,,,,,,,,,,,,79.0,0.0,7620.0,30.0,32.0,0.0,62.0,62.0,63.0,68.0,84.0,68.0,70.0,71.0,79.0,2.0,0.0,253.6300048828125,251.77999877929688,87.0,22.0,24.799999237060547,26.899999618530273,0
18,-999.0,100.0,100.0,0.0,0.0,1339.9073486328125,1339.7203369140625,78300.0,83700.0,1527.203125,11.733787536621094,240.5430145263672,247.04391479492188,253.90182495117188,257.9966125488281,261.912353515625,5045.7607421875,2654.9541015625,1229.720458984375,,-2.7240142822265625,252.69606018066406,83.69999694824219,326.8677978515625,0.0,2000.0,9.999999747378752e-05,4.230000019073486,20000.162109375,0.0,0.0,100.0,,24135.28515625,0.0,0.0,255.84848022460938,268.0141906738281,275.06805419921875,276.32147216796875,275.944091796875,5545.142578125,2983.158203125,1435.568603515625,751.9830322265625,119.03153228759766,274.51763916015625,67.9000015258789,57.20000076293945,9.950224876403809,2061.760009765625,1194.6036376953125,53.0,9.0,0.0,,0.0,240.1999969482422,249.1999969482422,252.5,256.6000061035156,260.3999938964844,5060.6728515625,2670.659423828125,1233.863037109375,603.7772216796875,2.0560312271118164,253.83999633789062,95.9000015258789,100.0,300.79998779296875,0.0,0.0003000000142492354,1.5,821.7069702148438,100.0,0.0,0.0,100.0,2700.0,239.39996337890625,247.32159423828125,252.94070434570312,257.5269775390625,261.62445068359375,5043.728515625,2659.517822265625,1233.0567626953125,601.55322265625,2.876220703125,256.63043212890625,85.28836059570312,81.90589141845703,510.6177978515625,0.0,5.999999848427251e-05,2.375,5062.12890625,2672.14697265625,1238.683349609375,603.77197265625,8.702392578125,239.79522705078125,248.77069091796875,254.04391479492188,258.9314880371094,262.6952209472656,31.200931549072266,89.14733123779297,79.10306549072266,78.0254135131836,-0.1934518814086914,2.118825912475586,0.9018831253051758,257.849853515625,254.3539581298828,100124.125,89642.078125,,1.4053919315338135,78.0,0.0,7620.0,0.0,0.0,0.0,77.0,77.0,77.0,81.0,91.0,65.0,67.0,70.0,73.0,2.0,0.0,252.13998413085938,250.5699920654297,85.0,13.0,26.799999237060547,28.899999618530273,0
19,-999.0,100.0,100.0,0.0,0.0,1339.8531494140625,1339.6953125,78300.0,83800.0,1541.2724609375,12.862493515014648,243.1205596923828,247.9672088623047,253.50546264648438,257.5343017578125,261.4204406738281,5062.0458984375,2659.438720703125,1231.9339599609375,,0.9587783813476562,252.10299682617188,82.5999984741211,329.870849609375,0.0,1500.0,9.999999747378752e-05,4.670000076293945,11602.5537109375,0.0,0.0,100.0,,24134.96875,0.0,0.0,255.58367919921875,267.73309326171875,275.00299072265625,276.3619384765625,275.6993408203125,5550.08544921875,2985.634765625,1439.5616455078125,756.0673828125,123.11647033691406,274.3075256347656,69.5999984741211,57.599998474121094,9.95055866241455,2003.6800537109375,19999.84375,47.0,0.0,0.0,,0.0,242.8000030517578,248.8000030517578,252.1999969482422,256.20001220703125,260.0,5074.29736328125,2669.814208984375,1236.9957275390625,607.8035278320312,7.488452911376953,253.49000549316406,96.0,100.0,300.55999755859375,0.0,0.0003000000142492354,0.625,836.4868774414062,100.0,0.0,0.0,100.0,2900.0,242.09353637695312,247.36920166015625,252.6934051513672,257.12298583984375,261.1338195800781,5060.974609375,2668.010498046875,1241.531494140625,611.0885009765625,12.843017578125,256.2703857421875,85.04083251953125,80.99317169189453,530.4444580078125,0.0,5.999999848427251e-05,2.625,,,,,,,,,,,,,,,,,,,,,,,,73.0,0.0,7620.0,30.0,34.0,0.0,71.0,71.0,71.0,73.0,81.0,69.0,69.0,70.0,72.0,0.0,0.0,251.5599822998047,249.60000610351562,85.0,15.0,28.0,30.100000381469727,0
20,-999.0,0.0,100.0,0.0,49.0,1339.8270263671875,1339.5318603515625,81500.0,83900.0,1525.9254150390625,14.153182029724121,243.89840698242188,248.85556030273438,253.75387573242188,256.99530029296875,260.91253662109375,5083.2978515625,2669.019287109375,1237.6678466796875,,6.0460968017578125,251.4781951904297,81.0,305.79693603515625,0.0,4700.0,0.0,4.96999979019165,8706.15234375,0.0,0.0,100.0,,24135.220703125,0.0,0.0,255.36253356933594,267.4976806640625,275.3617858886719,276.29718017578125,275.5255126953125,5550.8935546875,2987.034912109375,1440.710205078125,757.0465698242188,124.28178405761719,274.2554626464844,71.0,59.099998474121094,9.949738502502441,2034.239990234375,19999.888671875,40.0,0.0,0.0,,0.0,244.0,249.3000030517578,251.60000610351562,255.60000610351562,259.3999938964844,5086.75439453125,2671.254150390625,1238.9764404296875,611.2261352539062,12.854257583618164,252.75,96.5,100.0,300.32000732421875,0.0,0.00019999999494757503,1.1875,792.2496337890625,100.0,0.0,0.0,100.0,7000.0,244.0474090576172,247.82965087890625,252.6055450439453,256.263427734375,260.2739562988281,5076.94580078125,2672.858642578125,1244.7232666015625,615.7341918945312,17.074203491210938,255.25384521484375,85.0,84.55873107910156,477.535888671875,0.0,1.9999999494757503e-05,2.75,,,,,,,,,,,,,,,,,,,,,,,,71.0,0.0,7620.0,30.0,31.0,0.0,63.0,63.0,63.0,65.0,74.0,70.0,70.0,70.0,72.0,0.0,0.0,251.08999633789062,248.85000610351562,80.0,7.0,29.200000762939453,31.399999618530273,0
21,-999.0,0.0,100.0,3.0,4.0,1339.75048828125,1339.5137939453125,nan,83900.0,1536.8865966796875,13.392050743103027,243.41380310058594,249.19268798828125,253.60369873046875,256.388671875,260.22772216796875,5094.6279296875,2671.76513671875,1239.501220703125,,7.98492431640625,250.4900665283203,78.69999694824219,243.36753845214844,0.0,10000.0,0.0,5.0,8402.0068359375,0.0,0.0,100.0,,24135.068359375,0.0,0.0,255.24659729003906,267.8509521484375,275.7793273925781,276.26373291015625,275.36773681640625,5553.63037109375,2986.384521484375,1437.336669921875,753.1542358398438,120.79049682617188,274.1424865722656,72.9000015258789,60.900001525878906,9.945558547973633,2161.60009765625,19999.947265625,19.0,0.0,0.0,,0.0,243.6999969482422,250.0,251.10000610351562,255.1999969482422,259.0,5100.9921875,2673.780517578125,1242.6053466796875,615.9777221679688,20.153804779052734,252.1999969482422,97.0,100.0,299.760009765625,0.0,0.00019999999494757503,1.625,791.9633178710938,100.0,0.0,1.0,100.0,13100.0,243.76641845703125,248.4363250732422,252.8997344970703,255.46029663085938,259.3816833496094,5088.70263671875,2674.345458984375,1243.464599609375,615.3284912109375,16.96368408203125,254.0367431640625,83.0,85.91968536376953,415.0794982910156,0.0,0.0,2.75,5113.4921875,2682.02685546875,1248.190673828125,618.39111328125,28.918212890625,245.846435546875,249.5363311767578,253.15914916992188,256.25750732421875,260.0684814453125,34.63679885864258,84.85520935058594,86.98653411865234,85.91592407226562,1.2297983169555664,3.4998226165771484,1.1988439559936523,254.7455291748047,252.09849548339844,100392.3125,89796.03125,,1.6463656425476074,64.0,0.0,7620.0,30.0,31.0,256.0,58.0,58.0,58.0,59.0,67.0,68.0,68.0,68.0,70.0,0.0,0.0,250.5399932861328,247.9199981689453,81.0,3.0,29.600000381469727,32.0,0
22,-999.0,0.0,100.0,100.0,0.0,1339.6263427734375,1339.3326416015625,nan,83900.0,1491.2333984375,15.072826385498047,242.40560913085938,249.42276000976562,252.98512268066406,255.5605010986328,259.3663024902344,5095.7822265625,2674.847900390625,1243.9234619140625,,14.913299560546875,249.3965606689453,76.5,238.8833465576172,0.0,12300.0,0.0,5.010000228881836,20000.00390625,0.0,3.799999952316284,100.0,,24134.9765625,0.0,0.0,255.04095458984375,267.7642822265625,275.66571044921875,276.2520751953125,275.242431640625,5554.25390625,2986.21875,1437.48486328125,753.411865234375,121.35531616210938,274.10394287109375,74.5,62.400001525878906,9.978107452392578,2155.679931640625,19999.95703125,10.0,1.0,0.0,,0.0,242.89999389648438,250.89999389648438,249.89999389648438,253.89999389648438,257.70001220703125,5113.6142578125,2677.257080078125,1244.1220703125,620.5755615234375,26.30648422241211,250.7100067138672,97.30000305175781,100.0,298.9599914550781,0.0,0.0,0.0625,,,,,,,,,,,,,,,,,,,,,,,,,,,,,,,,,,,,,,,,,,,,,,,63.0,0.0,7620.0,30.0,32.0,256.0,53.0,54.0,57.0,57.0,67.0,63.0,63.0,63.0,64.0,0.0,0.0,249.739990234375,246.75,78.0,0.0,30.799999237060547,33.20000076293945,0
23,-999.0,0.0,100.0,100.0,0.0,1339.5687255859375,1339.217041015625,nan,83900.0,1473.05908203125,16.177431106567383,240.88153076171875,249.27554321289062,252.9249267578125,254.8663330078125,258.6808166503906,5091.67578125,2678.67431640625,1247.738037109375,,20.03101348876953,248.8357391357422,76.0,245.54052734375,0.0,12300.0,0.0,5.010000228881836,19999.99609375,0.0,4.800000190734863,100.0,,24135.154296875,0.0,0.0,255.0730438232422,267.7181396484375,275.2760925292969,275.946533203125,274.986572265625,5555.48876953125,2985.150146484375,1437.66162109375,754.5791015625,123.11668395996094,273.79034423828125,77.0,65.4000015258789,9.948031425476074,2106.39990234375,19999.970703125,19.0,0.0,0.0,,0.0,243.10000610351562,251.3000030517578,249.60000610351562,253.60000610351562,257.3999938964844,5119.71337890625,2680.408935546875,1246.574462890625,623.7933959960938,30.924406051635742,250.52999877929688,97.19999694824219,100.0,298.79998779296875,0.0,9.999999747378752e-05,0.1875,,,,,,,,,,,,,,,,,,,,,,,,,,,,,,,,,,,,,,,,,,,,,,,53.0,0.0,7620.0,30.0,31.0,209.0,50.0,50.0,51.0,55.0,60.0,65.0,65.0,66.0,67.0,0.0,0.0,248.6800079345703,246.5399932861328,81.0,0.0,31.600000381469727,34.29999923706055,0
24,-999.0,0.0,100.0,100.0,0.0,1339.5064697265625,1339.208740234375,nan,84000.0,5068.35791015625,16.317615509033203,239.20697021484375,249.35830688476562,252.9107666015625,254.6446533203125,258.465576171875,5087.9150390625,2682.15625,1250.977783203125,,22.812088012695312,248.58364868164062,74.4000015258789,247.86611938476562,0.0,11700.0,0.0,5.010000228881836,19999.984375,0.0,5.0,26.799999237060547,,24134.974609375,0.0,0.0,254.9990692138672,267.9213562011719,275.1602783203125,275.7789611816406,274.71075439453125,5554.17578125,2980.868896484375,1433.402099609375,750.7273559570312,119.77912139892578,273.5846252441406,78.5,67.0999984741211,9.947171211242676,2085.43994140625,19999.9609375,16.0,0.0,0.0,,0.0,242.0,251.89999389648438,249.60000610351562,253.60000610351562,257.3999938964844,5116.705078125,2679.886474609375,1245.047607421875,622.2763671875,30.27400779724121,250.5399932861328,97.30000305175781,100.0,298.7200012207031,0.0,9.999999747378752e-05,0.5,,,,,,,,,,,,,,,,,,,,,,,,5124.9921875,2690.701416015625,1254.04248046875,627.562744140625,42.103515625,242.5142059326172,250.4808807373047,253.14627075195312,253.71807861328125,257.4765930175781,36.862735748291016,63.84684753417969,87.07466888427734,87.820556640625,1.2563104629516602,4.07430362701416,1.3862009048461914,251.91259765625,248.95773315429688,100593.375,89901.96875,,1.837401270866394,52.0,0.0,7620.0,30.0,31.0,256.0,48.0,48.0,48.0,51.0,55.0,69.0,69.0,69.0,70.0,0.0,0.0,248.3699951171875,245.75,79.0,0.0,32.0,34.29999923706055,0
